<?xml version="1.0" encoding="UTF-8" ?>
<!DOCTYPE mapper PUBLIC "-//mybatis.org//DTD Mapper 3.0//EN" "http://mybatis.org/dtd/mybatis-3-mapper.dtd" >
<mapper namespace="top.fastfish.mapper.adminMapper" >
  <resultMap id="BaseResultMap" type="top.fastfish.model.dbo.admin" >
    <id column="id" property="id" jdbcType="INTEGER" />
    <result column="account" property="account" jdbcType="VARCHAR" />
    <result column="pass" property="pass" jdbcType="VARCHAR" />
    <result column="rightlv" property="rightlv" jdbcType="VARCHAR" />
    <result column="bei" property="bei" jdbcType="VARCHAR" />
    <result column="blank1" property="blank1" jdbcType="VARCHAR" />
    <result column="blank2" property="blank2" jdbcType="VARCHAR" />
    <result column="blank3" property="blank3" jdbcType="VARCHAR" />
  </resultMap>
  <sql id="Base_Column_List" >
    id, account, pass, rightlv, bei, blank1, blank2, blank3
  </sql>
  <select id="selectByPrimaryKey" resultMap="BaseResultMap" parameterType="java.lang.Integer" >
    select 
    <include refid="Base_Column_List" />
    from admin
    where id = #{id,jdbcType=INTEGER}
  </select>
  <delete id="deleteByPrimaryKey" parameterType="java.lang.Integer" >
    delete from admin
    where id = #{id,jdbcType=INTEGER}
  </delete>
  <insert id="insert" parameterType="top.fastfish.model.dbo.admin" >
    insert into admin (id, account, pass, 
      rightlv, bei, blank1, 
      blank2, blank3)
    values (#{id,jdbcType=INTEGER}, #{account,jdbcType=VARCHAR}, #{pass,jdbcType=VARCHAR}, 
      #{rightlv,jdbcType=VARCHAR}, #{bei,jdbcType=VARCHAR}, #{blank1,jdbcType=VARCHAR}, 
      #{blank2,jdbcType=VARCHAR}, #{blank3,jdbcType=VARCHAR})
  </insert>
  <insert id="insertSelective" parameterType="top.fastfish.model.dbo.admin" >
    insert into admin
    <trim prefix="(" suffix=")" suffixOverrides="," >
      <if test="id != null" >
        id,
      </if>
      <if test="account != null" >
        account,
      </if>
      <if test="pass != null" >
        pass,
      </if>
      <if test="rightlv != null" >
        rightlv,
      </if>
      <if test="bei != null" >
        bei,
      </if>
      <if test="blank1 != null" >
        blank1,
      </if>
      <if test="blank2 != null" >
        blank2,
      </if>
      <if test="blank3 != null" >
        blank3,
      </if>
    </trim>
    <trim prefix="values (" suffix=")" suffixOverrides="," >
      <if test="id != null" >
        #{id,jdbcType=INTEGER},
      </if>
      <if test="account != null" >
        #{account,jdbcType=VARCHAR},
      </if>
      <if test="pass != null" >
        #{pass,jdbcType=VARCHAR},
      </if>
      <if test="rightlv != null" >
        #{rightlv,jdbcType=VARCHAR},
      </if>
      <if test="bei != null" >
        #{bei,jdbcType=VARCHAR},
      </if>
      <if test="blank1 != null" >
        #{blank1,jdbcType=VARCHAR},
      </if>
      <if test="blank2 != null" >
        #{blank2,jdbcType=VARCHAR},
      </if>
      <if test="blank3 != null" >
        #{blank3,jdbcType=VARCHAR},
      </if>
    </trim>
  </insert>
  <update id="updateByPrimaryKeySelective" parameterType="top.fastfish.model.dbo.admin" >
    update admin
    <set >
      <if test="account != null" >
        account = #{account,jdbcType=VARCHAR},
      </if>
      <if test="pass != null" >
        pass = #{pass,jdbcType=VARCHAR},
      </if>
      <if test="rightlv != null" >
        rightlv = #{rightlv,jdbcType=VARCHAR},
      </if>
      <if test="bei != null" >
        bei = #{bei,jdbcType=VARCHAR},
      </if>
      <if test="blank1 != null" >
        blank1 = #{blank1,jdbcType=VARCHAR},
      </if>
      <if test="blank2 != null" >
        blank2 = #{blank2,jdbcType=VARCHAR},
      </if>
      <if test="blank3 != null" >
        blank3 = #{blank3,jdbcType=VARCHAR},
      </if>
    </set>
    where id = #{id,jdbcType=INTEGER}
  </update>
  <update id="updateByPrimaryKey" parameterType="top.fastfish.model.dbo.admin" >
    update admin
    set account = #{account,jdbcType=VARCHAR},
      pass = #{pass,jdbcType=VARCHAR},
      rightlv = #{rightlv,jdbcType=VARCHAR},
      bei = #{bei,jdbcType=VARCHAR},
      blank1 = #{blank1,jdbcType=VARCHAR},
      blank2 = #{blank2,jdbcType=VARCHAR},
      blank3 = #{blank3,jdbcType=VARCHAR}
    where id = #{id,jdbcType=INTEGER}
  </update>
  <select id="checkWithAccount" parameterType="java.lang.String" resultMap="BaseResultMap">
    select * from admin where account = #{0} and pass = #{1}
</select>
</mapper>