<?xml version="1.0" encoding="UTF-8" ?>
<!DOCTYPE mapper PUBLIC "-//mybatis.org//DTD Mapper 3.0//EN" "http://mybatis.org/dtd/mybatis-3-mapper.dtd" >
<mapper namespace="top.fastfish.mapper.gamerecordMapper" >
  <resultMap id="BaseResultMap" type="top.fastfish.model.dbo.gamerecord" >
    <id column="game_id" property="gameId" jdbcType="INTEGER" />
    <result column="endingtime" property="endingtime" jdbcType="VARCHAR" />
    <result column="createtime" property="createtime" jdbcType="VARCHAR" />
    <result column="initial_bonus" property="initialBonus" jdbcType="VARCHAR" />
    <result column="average_bonus" property="averageBonus" jdbcType="VARCHAR" />
    <result column="players_count" property="playersCount" jdbcType="VARCHAR" />
    <result column="winners_count" property="winnersCount" jdbcType="VARCHAR" />
    <result column="initiator" property="initiator" jdbcType="VARCHAR" />
    <result column="bei" property="bei" jdbcType="VARCHAR" />
    <result column="blank1" property="blank1" jdbcType="VARCHAR" />
    <result column="blank2" property="blank2" jdbcType="VARCHAR" />
    <result column="blank3" property="blank3" jdbcType="VARCHAR" />
  </resultMap>
  <sql id="Base_Column_List" >
    game_id, endingtime, createtime, initial_bonus, average_bonus, players_count, winners_count, 
    initiator, bei, blank1, blank2, blank3
  </sql>
  <select id="selectByPrimaryKey" resultMap="BaseResultMap" parameterType="java.lang.Integer" >
    select 
    <include refid="Base_Column_List" />
    from gamerecord
    where game_id = #{gameId,jdbcType=INTEGER}
  </select>
  <delete id="deleteByPrimaryKey" parameterType="java.lang.Integer" >
    delete from gamerecord
    where game_id = #{gameId,jdbcType=INTEGER}
  </delete>
  <insert id="insert" parameterType="top.fastfish.model.dbo.gamerecord" >
    insert into gamerecord (game_id, endingtime, createtime, 
      initial_bonus, average_bonus, players_count, 
      winners_count, initiator, bei, 
      blank1, blank2, blank3
      )
    values (#{gameId,jdbcType=INTEGER}, #{endingtime,jdbcType=VARCHAR}, #{createtime,jdbcType=VARCHAR}, 
      #{initialBonus,jdbcType=VARCHAR}, #{averageBonus,jdbcType=VARCHAR}, #{playersCount,jdbcType=VARCHAR}, 
      #{winnersCount,jdbcType=VARCHAR}, #{initiator,jdbcType=VARCHAR}, #{bei,jdbcType=VARCHAR}, 
      #{blank1,jdbcType=VARCHAR}, #{blank2,jdbcType=VARCHAR}, #{blank3,jdbcType=VARCHAR}
      )
  </insert>
  <insert id="insertSelective" parameterType="top.fastfish.model.dbo.gamerecord" >
    insert into gamerecord
    <trim prefix="(" suffix=")" suffixOverrides="," >
      <if test="gameId != null" >
        game_id,
      </if>
      <if test="endingtime != null" >
        endingtime,
      </if>
      <if test="createtime != null" >
        createtime,
      </if>
      <if test="initialBonus != null" >
        initial_bonus,
      </if>
      <if test="averageBonus != null" >
        average_bonus,
      </if>
      <if test="playersCount != null" >
        players_count,
      </if>
      <if test="winnersCount != null" >
        winners_count,
      </if>
      <if test="initiator != null" >
        initiator,
      </if>
      <if test="bei != null" >
        bei,
      </if>
      <if test="blank1 != null" >
        blank1,
      </if>
      <if test="blank2 != null" >
        blank2,
      </if>
      <if test="blank3 != null" >
        blank3,
      </if>
    </trim>
    <trim prefix="values (" suffix=")" suffixOverrides="," >
      <if test="gameId != null" >
        #{gameId,jdbcType=INTEGER},
      </if>
      <if test="endingtime != null" >
        #{endingtime,jdbcType=VARCHAR},
      </if>
      <if test="createtime != null" >
        #{createtime,jdbcType=VARCHAR},
      </if>
      <if test="initialBonus != null" >
        #{initialBonus,jdbcType=VARCHAR},
      </if>
      <if test="averageBonus != null" >
        #{averageBonus,jdbcType=VARCHAR},
      </if>
      <if test="playersCount != null" >
        #{playersCount,jdbcType=VARCHAR},
      </if>
      <if test="winnersCount != null" >
        #{winnersCount,jdbcType=VARCHAR},
      </if>
      <if test="initiator != null" >
        #{initiator,jdbcType=VARCHAR},
      </if>
      <if test="bei != null" >
        #{bei,jdbcType=VARCHAR},
      </if>
      <if test="blank1 != null" >
        #{blank1,jdbcType=VARCHAR},
      </if>
      <if test="blank2 != null" >
        #{blank2,jdbcType=VARCHAR},
      </if>
      <if test="blank3 != null" >
        #{blank3,jdbcType=VARCHAR},
      </if>
    </trim>
  </insert>
  <update id="updateByPrimaryKeySelective" parameterType="top.fastfish.model.dbo.gamerecord" >
    update gamerecord
    <set >
      <if test="endingtime != null" >
        endingtime = #{endingtime,jdbcType=VARCHAR},
      </if>
      <if test="createtime != null" >
        createtime = #{createtime,jdbcType=VARCHAR},
      </if>
      <if test="initialBonus != null" >
        initial_bonus = #{initialBonus,jdbcType=VARCHAR},
      </if>
      <if test="averageBonus != null" >
        average_bonus = #{averageBonus,jdbcType=VARCHAR},
      </if>
      <if test="playersCount != null" >
        players_count = #{playersCount,jdbcType=VARCHAR},
      </if>
      <if test="winnersCount != null" >
        winners_count = #{winnersCount,jdbcType=VARCHAR},
      </if>
      <if test="initiator != null" >
        initiator = #{initiator,jdbcType=VARCHAR},
      </if>
      <if test="bei != null" >
        bei = #{bei,jdbcType=VARCHAR},
      </if>
      <if test="blank1 != null" >
        blank1 = #{blank1,jdbcType=VARCHAR},
      </if>
      <if test="blank2 != null" >
        blank2 = #{blank2,jdbcType=VARCHAR},
      </if>
      <if test="blank3 != null" >
        blank3 = #{blank3,jdbcType=VARCHAR},
      </if>
    </set>
    where game_id = #{gameId,jdbcType=INTEGER}
  </update>
  <update id="updateByPrimaryKey" parameterType="top.fastfish.model.dbo.gamerecord" >
    update gamerecord
    set endingtime = #{endingtime,jdbcType=VARCHAR},
      createtime = #{createtime,jdbcType=VARCHAR},
      initial_bonus = #{initialBonus,jdbcType=VARCHAR},
      average_bonus = #{averageBonus,jdbcType=VARCHAR},
      players_count = #{playersCount,jdbcType=VARCHAR},
      winners_count = #{winnersCount,jdbcType=VARCHAR},
      initiator = #{initiator,jdbcType=VARCHAR},
      bei = #{bei,jdbcType=VARCHAR},
      blank1 = #{blank1,jdbcType=VARCHAR},
      blank2 = #{blank2,jdbcType=VARCHAR},
      blank3 = #{blank3,jdbcType=VARCHAR}
    where game_id = #{gameId,jdbcType=INTEGER}
  </update>
  <select id="selectByCreatetime" parameterType="java.lang.String" resultType="java.lang.Integer">
    select game_id from gamerecord where createtime = #{0}
  </select>
</mapper>