<?xml version="1.0" encoding="UTF-8" ?>
<!DOCTYPE mapper PUBLIC "-//mybatis.org//DTD Mapper 3.0//EN" "http://mybatis.org/dtd/mybatis-3-mapper.dtd" >
<mapper namespace="top.fastfish.mapper.playerMapper" >
  <resultMap id="BaseResultMap" type="top.fastfish.model.dbo.player" >
    <id column="id" property="id" jdbcType="INTEGER" />
    <result column="account" property="account" jdbcType="VARCHAR" />
    <result column="pass" property="pass" jdbcType="VARCHAR" />
    <result column="rightlv" property="rightlv" jdbcType="VARCHAR" />
    <result column="wallet_id" property="walletId" jdbcType="INTEGER" />
    <result column="player_tel" property="playerTel" jdbcType="VARCHAR" />
    <result column="location" property="location" jdbcType="VARCHAR" />
    <result column="registerTime" property="registertime" jdbcType="VARCHAR" />
    <result column="clocktime1" property="clocktime1" jdbcType="VARCHAR" />
    <result column="clocktime2" property="clocktime2" jdbcType="VARCHAR" />
    <result column="bei" property="bei" jdbcType="VARCHAR" />
    <result column="blank1" property="blank1" jdbcType="VARCHAR" />
    <result column="blank2" property="blank2" jdbcType="VARCHAR" />
    <result column="blank3" property="blank3" jdbcType="VARCHAR" />
  </resultMap>
  <sql id="Base_Column_List" >
    id, account, pass, rightlv, wallet_id, player_tel, location, registerTime, clocktime1, 
    clocktime2, bei, blank1, blank2, blank3
  </sql>
  <select id="selectByPrimaryKey" resultMap="BaseResultMap" parameterType="java.lang.Integer" >
    select 
    <include refid="Base_Column_List" />
    from player
    where id = #{id,jdbcType=INTEGER}
  </select>
  <delete id="deleteByPrimaryKey" parameterType="java.lang.Integer" >
    delete from player
    where id = #{id,jdbcType=INTEGER}
  </delete>
  <insert id="insert" parameterType="top.fastfish.model.dbo.player" >
    insert into player (id, account, pass, 
      rightlv, wallet_id, player_tel, 
      location, registerTime, clocktime1, 
      clocktime2, bei, blank1, 
      blank2, blank3)
    values (#{id,jdbcType=INTEGER}, #{account,jdbcType=VARCHAR}, #{pass,jdbcType=VARCHAR}, 
      #{rightlv,jdbcType=VARCHAR}, #{walletId,jdbcType=INTEGER}, #{playerTel,jdbcType=VARCHAR},
      #{location,jdbcType=VARCHAR}, #{registertime,jdbcType=VARCHAR}, #{clocktime1,jdbcType=VARCHAR}, 
      #{clocktime2,jdbcType=VARCHAR}, #{bei,jdbcType=VARCHAR}, #{blank1,jdbcType=VARCHAR}, 
      #{blank2,jdbcType=VARCHAR}, #{blank3,jdbcType=VARCHAR})
  </insert>
  <insert id="insertSelective" parameterType="top.fastfish.model.dbo.player" >
    insert into player
    <trim prefix="(" suffix=")" suffixOverrides="," >
      <if test="id != null" >
        id,
      </if>
      <if test="account != null" >
        account,
      </if>
      <if test="pass != null" >
        pass,
      </if>
      <if test="rightlv != null" >
        rightlv,
      </if>
      <if test="walletId != null" >
        wallet_id,
      </if>
      <if test="playerTel != null" >
        player_tel,
      </if>
      <if test="location != null" >
        location,
      </if>
      <if test="registertime != null" >
        registerTime,
      </if>
      <if test="clocktime1 != null" >
        clocktime1,
      </if>
      <if test="clocktime2 != null" >
        clocktime2,
      </if>
      <if test="bei != null" >
        bei,
      </if>
      <if test="blank1 != null" >
        blank1,
      </if>
      <if test="blank2 != null" >
        blank2,
      </if>
      <if test="blank3 != null" >
        blank3,
      </if>
    </trim>
    <trim prefix="values (" suffix=")" suffixOverrides="," >
      <if test="id != null" >
        #{id,jdbcType=INTEGER},
      </if>
      <if test="account != null" >
        #{account,jdbcType=VARCHAR},
      </if>
      <if test="pass != null" >
        #{pass,jdbcType=VARCHAR},
      </if>
      <if test="rightlv != null" >
        #{rightlv,jdbcType=VARCHAR},
      </if>
      <if test="walletId != null" >
        #{walletId,jdbcType=INTEGER},
      </if>
      <if test="playerTel != null" >
        #{playerTel,jdbcType=VARCHAR},
      </if>
      <if test="location != null" >
        #{location,jdbcType=VARCHAR},
      </if>
      <if test="registertime != null" >
        #{registertime,jdbcType=VARCHAR},
      </if>
      <if test="clocktime1 != null" >
        #{clocktime1,jdbcType=VARCHAR},
      </if>
      <if test="clocktime2 != null" >
        #{clocktime2,jdbcType=VARCHAR},
      </if>
      <if test="bei != null" >
        #{bei,jdbcType=VARCHAR},
      </if>
      <if test="blank1 != null" >
        #{blank1,jdbcType=VARCHAR},
      </if>
      <if test="blank2 != null" >
        #{blank2,jdbcType=VARCHAR},
      </if>
      <if test="blank3 != null" >
        #{blank3,jdbcType=VARCHAR},
      </if>
    </trim>
  </insert>
  <update id="updateByPrimaryKeySelective" parameterType="top.fastfish.model.dbo.player" >
    update player
    <set >
      <if test="account != null" >
        account = #{account,jdbcType=VARCHAR},
      </if>
      <if test="pass != null" >
        pass = #{pass,jdbcType=VARCHAR},
      </if>
      <if test="rightlv != null" >
        rightlv = #{rightlv,jdbcType=VARCHAR},
      </if>
      <if test="walletId != null" >
        wallet_id = #{walletId,jdbcType=INTEGER},
      </if>
      <if test="playerTel != null" >
        player_tel = #{playerTel,jdbcType=VARCHAR},
      </if>
      <if test="location != null" >
        location = #{location,jdbcType=VARCHAR},
      </if>
      <if test="registertime != null" >
        registerTime = #{registertime,jdbcType=VARCHAR},
      </if>
      <if test="clocktime1 != null" >
        clocktime1 = #{clocktime1,jdbcType=VARCHAR},
      </if>
      <if test="clocktime2 != null" >
        clocktime2 = #{clocktime2,jdbcType=VARCHAR},
      </if>
      <if test="bei != null" >
        bei = #{bei,jdbcType=VARCHAR},
      </if>
      <if test="blank1 != null" >
        blank1 = #{blank1,jdbcType=VARCHAR},
      </if>
      <if test="blank2 != null" >
        blank2 = #{blank2,jdbcType=VARCHAR},
      </if>
      <if test="blank3 != null" >
        blank3 = #{blank3,jdbcType=VARCHAR},
      </if>
    </set>
    where id = #{id,jdbcType=INTEGER}
  </update>
  <update id="updateByPrimaryKey" parameterType="top.fastfish.model.dbo.player" >
    update player
    set account = #{account,jdbcType=VARCHAR},
      pass = #{pass,jdbcType=VARCHAR},
      rightlv = #{rightlv,jdbcType=VARCHAR},
      wallet_id = #{walletId,jdbcType=INTEGER},
      player_tel = #{playerTel,jdbcType=VARCHAR},
      location = #{location,jdbcType=VARCHAR},
      registerTime = #{registertime,jdbcType=VARCHAR},
      clocktime1 = #{clocktime1,jdbcType=VARCHAR},
      clocktime2 = #{clocktime2,jdbcType=VARCHAR},
      bei = #{bei,jdbcType=VARCHAR},
      blank1 = #{blank1,jdbcType=VARCHAR},
      blank2 = #{blank2,jdbcType=VARCHAR},
      blank3 = #{blank3,jdbcType=VARCHAR}
    where id = #{id,jdbcType=INTEGER}
  </update>
  <select id="checkWithTEL" parameterType="java.lang.String" resultMap="BaseResultMap">
    select * from player where player_tel = #{0} and pass = #{1}
  </select>
  <select id="checkWithAccount" parameterType="java.lang.String" resultMap="BaseResultMap">
    select * from player where account = #{0} and pass = #{1}
  </select>
</mapper>