<?xml version="1.0" encoding="UTF-8" ?>
<!DOCTYPE mapper PUBLIC "-//mybatis.org//DTD Mapper 3.0//EN" "http://mybatis.org/dtd/mybatis-3-mapper.dtd" >
<mapper namespace="top.fastfish.mapper.walletMapper" >
  <resultMap id="BaseResultMap" type="top.fastfish.model.dbo.wallet" >
    <id column="wallet_id" property="walletId" jdbcType="INTEGER" />
    <result column="wallet_key" property="walletKey" jdbcType="VARCHAR" />
    <result column="player_id" property="playerId" jdbcType="INTEGER" />
    <result column="borntime" property="borntime" jdbcType="VARCHAR" />
    <result column="updatetime" property="updatetime" jdbcType="VARCHAR" />
    <result column="wallet_Remainder" property="walletRemainder" jdbcType="VARCHAR" />
    <result column="draw_amount" property="drawAmount" jdbcType="VARCHAR" />
    <result column="blank1" property="blank1" jdbcType="VARCHAR" />
    <result column="blank2" property="blank2" jdbcType="VARCHAR" />
    <result column="blank3" property="blank3" jdbcType="VARCHAR" />
  </resultMap>
  <sql id="Base_Column_List" >
    wallet_id, wallet_key, player_id, borntime, updatetime, wallet_Remainder, draw_amount, 
    blank1, blank2, blank3
  </sql>
  <select id="selectByPrimaryKey" resultMap="BaseResultMap" parameterType="java.lang.Integer" >
    select 
    <include refid="Base_Column_List" />
    from wallet
    where wallet_id = #{walletId,jdbcType=INTEGER}
  </select>
  <delete id="deleteByPrimaryKey" parameterType="java.lang.Integer" >
    delete from wallet
    where wallet_id = #{walletId,jdbcType=INTEGER}
  </delete>
  <insert id="insert" parameterType="top.fastfish.model.dbo.wallet" >
    insert into wallet (wallet_id, wallet_key, player_id, 
      borntime, updatetime, wallet_Remainder, 
      draw_amount, blank1, blank2, 
      blank3)
    values (#{walletId,jdbcType=INTEGER}, #{walletKey,jdbcType=VARCHAR}, #{playerId,jdbcType=INTEGER}, 
      #{borntime,jdbcType=VARCHAR}, #{updatetime,jdbcType=VARCHAR}, #{walletRemainder,jdbcType=VARCHAR}, 
      #{drawAmount,jdbcType=VARCHAR}, #{blank1,jdbcType=VARCHAR}, #{blank2,jdbcType=VARCHAR}, 
      #{blank3,jdbcType=VARCHAR})
  </insert>
  <insert id="insertSelective" parameterType="top.fastfish.model.dbo.wallet" >
    insert into wallet
    <trim prefix="(" suffix=")" suffixOverrides="," >
      <if test="walletId != null" >
        wallet_id,
      </if>
      <if test="walletKey != null" >
        wallet_key,
      </if>
      <if test="playerId != null" >
        player_id,
      </if>
      <if test="borntime != null" >
        borntime,
      </if>
      <if test="updatetime != null" >
        updatetime,
      </if>
      <if test="walletRemainder != null" >
        wallet_Remainder,
      </if>
      <if test="drawAmount != null" >
        draw_amount,
      </if>
      <if test="blank1 != null" >
        blank1,
      </if>
      <if test="blank2 != null" >
        blank2,
      </if>
      <if test="blank3 != null" >
        blank3,
      </if>
    </trim>
    <trim prefix="values (" suffix=")" suffixOverrides="," >
      <if test="walletId != null" >
        #{walletId,jdbcType=INTEGER},
      </if>
      <if test="walletKey != null" >
        #{walletKey,jdbcType=VARCHAR},
      </if>
      <if test="playerId != null" >
        #{playerId,jdbcType=INTEGER},
      </if>
      <if test="borntime != null" >
        #{borntime,jdbcType=VARCHAR},
      </if>
      <if test="updatetime != null" >
        #{updatetime,jdbcType=VARCHAR},
      </if>
      <if test="walletRemainder != null" >
        #{walletRemainder,jdbcType=VARCHAR},
      </if>
      <if test="drawAmount != null" >
        #{drawAmount,jdbcType=VARCHAR},
      </if>
      <if test="blank1 != null" >
        #{blank1,jdbcType=VARCHAR},
      </if>
      <if test="blank2 != null" >
        #{blank2,jdbcType=VARCHAR},
      </if>
      <if test="blank3 != null" >
        #{blank3,jdbcType=VARCHAR},
      </if>
    </trim>
  </insert>
  <update id="updateByPrimaryKeySelective" parameterType="top.fastfish.model.dbo.wallet" >
    update wallet
    <set >
      <if test="walletKey != null" >
        wallet_key = #{walletKey,jdbcType=VARCHAR},
      </if>
      <if test="playerId != null" >
        player_id = #{playerId,jdbcType=INTEGER},
      </if>
      <if test="borntime != null" >
        borntime = #{borntime,jdbcType=VARCHAR},
      </if>
      <if test="updatetime != null" >
        updatetime = #{updatetime,jdbcType=VARCHAR},
      </if>
      <if test="walletRemainder != null" >
        wallet_Remainder = #{walletRemainder,jdbcType=VARCHAR},
      </if>
      <if test="drawAmount != null" >
        draw_amount = #{drawAmount,jdbcType=VARCHAR},
      </if>
      <if test="blank1 != null" >
        blank1 = #{blank1,jdbcType=VARCHAR},
      </if>
      <if test="blank2 != null" >
        blank2 = #{blank2,jdbcType=VARCHAR},
      </if>
      <if test="blank3 != null" >
        blank3 = #{blank3,jdbcType=VARCHAR},
      </if>
    </set>
    where wallet_id = #{walletId,jdbcType=INTEGER}
  </update>
  <update id="updateByPrimaryKey" parameterType="top.fastfish.model.dbo.wallet" >
    update wallet
    set wallet_key = #{walletKey,jdbcType=VARCHAR},
      player_id = #{playerId,jdbcType=INTEGER},
      borntime = #{borntime,jdbcType=VARCHAR},
      updatetime = #{updatetime,jdbcType=VARCHAR},
      wallet_Remainder = #{walletRemainder,jdbcType=VARCHAR},
      draw_amount = #{drawAmount,jdbcType=VARCHAR},
      blank1 = #{blank1,jdbcType=VARCHAR},
      blank2 = #{blank2,jdbcType=VARCHAR},
      blank3 = #{blank3,jdbcType=VARCHAR}
    where wallet_id = #{walletId,jdbcType=INTEGER}
  </update>
</mapper>