<!DOCTYPE generatorConfiguration
        PUBLIC "-//mybatis.org//DTD MyBatis Generator Configuration 1.0//EN"
        "http://mybatis.org/dtd/mybatis-generator-config_1_0.dtd">
<generatorConfiguration>
     <classPathEntry location="C:/MavenJar/repository/org/wisdom-framework/mysql-connector-java/5.1.34_1/mysql-connector-java-5.1.34_1.jar" />

    <context id="mysqlTables" targetRuntime="MyBatis3">

        <commentGenerator>
            <property name="suppressDate" value="true"/>
            <!-- 是否去除自动生成的注释 true：是 ： false:否 -->
            <property name="suppressAllComments" value="true"/>
        </commentGenerator>

        <!-- svn库 -->
        <!--<jdbcConnection driverClass="com.mysql.jdbc.Driver"-->
                        <!--connectionURL="jdbc:mysql://120.79.254.27/signmeup?characterEncoding=utf8"-->
                        <!--userId="root"-->
                        <!--password="Zzn123456.">-->
            <!--<property name="remarkable" value="true"></property>-->
        <!--</jdbcConnection>-->

        <!-- 本地库 -->
      <jdbcConnection driverClass="com.mysql.jdbc.Driver"
                        connectionURL="jdbc:mysql://127.0.0.1/signmeup?characterEncoding=utf8"
                        userId="root"
                        password="root">
            <property name="remarkable" value="true"></property>
        </jdbcConnection>

        <!-- 指定生成的类型为java类型，避免数据库中number等类型字段 -->
        <javaTypeResolver>
            <property name="forceBigDecimals" value="false"/>
        </javaTypeResolver>


        <!-- 生成model模型，对应的包，存放位置可以指定具体的路径,如/ProjectName/src，也可以使用MAVEN来自动生成 -->

        <javaModelGenerator targetPackage="top.fastfish.model.dbo" targetProject="c:/AboutU">
            <property name="enableSubPackages" value="true"/>
            <property name="trimStrings" value="true" />
        </javaModelGenerator>

        <!--对应的xml mapper文件  -->

        <sqlMapGenerator targetPackage="top.fastfish.sqlmap" targetProject="c:/AboutU">
            <property name="enableSubPackages" value="true"/>
        </sqlMapGenerator>

        <!-- 对应的dao接口 -->

        <javaClientGenerator type="XMLMAPPER" targetPackage="top.fastfish.mapper" targetProject="c:/AboutU">

            <property name="enableSubPackages" value="true"/>
        </javaClientGenerator>

        <!--预写方法-->
        <table tableName="player" domainObjectName="player"
                enableSelectByPrimaryKey="true"
                enableUpdateByPrimaryKey="true"
                enableDeleteByPrimaryKey="true"
                enableCountByExample="false"
                enableUpdateByExample="false"
                enableDeleteByExample="false"
                enableSelectByExample="false"
                selectByExampleQueryId="true">
        </table>

    </context>
</generatorConfiguration>