<?xml version="1.0" encoding="UTF-8"?>
<beans xmlns="http://www.springframework.org/schema/beans"
	xmlns:xsi="http://www.w3.org/2001/XMLSchema-instance"
	xmlns:aop="http://www.springframework.org/schema/aop" 
	xmlns:context="http://www.springframework.org/schema/context"

	xmlns:tx="http://www.springframework.org/schema/tx"
	xsi:schemaLocation="http://www.springframework.org/schema/beans 
						http://www.springframework.org/schema/beans/spring-beans.xsd
						http://www.springframework.org/schema/aop 
						http://www.springframework.org/schema/aop/spring-aop.xsd
						http://www.springframework.org/schema/context 
						http://www.springframework.org/schema/context/spring-context.xsd

						http://www.springframework.org/schema/tx 
						http://www.springframework.org/schema/tx/spring-tx.xsd">

	<!--xmlns:elasticsearch="http://www.springframework.org/schema/data/elasticsearch"-->

	<!--http://www.springframework.org/schema/data/elasticsearch-->
	<!--http://www.springframework.org/schema/data/elasticsearch/spring-elasticsearch-1.0.xsd-->

	<!--&lt;!&ndash; 启动组件扫描，排除掉controller &ndash;&gt;-->

	<context:component-scan base-package="top.fastfish.*">
		<context:exclude-filter type="annotation" expression="org.springframework.stereotype.Controller"/>

	<!--&lt;!&ndash; 启动组件扫描，排除掉controller &ndash;&gt;-->

	</context:component-scan>

	<!-- 读取参数配置 -->
	<context:property-placeholder location="classpath:properties/*.properties"/>
	
	<!--druid数据库连接池 -->
	<bean id="dataSource" class="com.alibaba.druid.pool.DruidDataSource" destroy-method="close">
      <!-- 数据库基本信息配置 -->
      <property name="url" value="${jdbc.url}" />
      <property name="username" value="${jdbc.username}" />  
      <property name="password" value="${jdbc.password}" />
      <property name="driverClassName" value="${jdbc.driverClassName}" />  
	  <!-- 最大并发连接数 -->
      <property name="maxActive" value="${maxActive}" />
      <!-- 初始化连接数量 -->
      <property name="initialSize" value="${initialSize}" />
      <!-- 配置获取连接等待超时的时间 -->
      <property name="maxWait" value="${maxWait}" />
      <!-- 最小空闲连接数 -->
      <property name="minIdle" value="${minIdle}" />  
	  <!-- 配置间隔多久才进行一次检测，检测需要关闭的空闲连接，单位是毫秒 -->
      <property name="timeBetweenEvictionRunsMillis" value="${timeBetweenEvictionRunsMillis}" />
      <!-- 配置一个连接在池中最小生存的时间，单位是毫秒 -->
      <property name="minEvictableIdleTimeMillis" value="${minEvictableIdleTimeMillis}" />  
      <property name="validationQuery" value="${validationQuery}" />  
      <property name="testWhileIdle" value="${testWhileIdle}" />  
      <property name="testOnBorrow" value="${testOnBorrow}" />  
      <property name="testOnReturn" value="${testOnReturn}" />  
      <property name="maxOpenPreparedStatements" value="${maxOpenPreparedStatements}" />
      <!-- 打开removeAbandoned功能 -->
      <property name="removeAbandoned" value="${removeAbandoned}" />
      <!-- 1800秒，也就是30分钟 -->
      <property name="removeAbandonedTimeout" value="${removeAbandonedTimeout}" />
      <!-- 关闭abanded连接时输出错误日志 -->   
      <property name="logAbandoned" value="${logAbandoned}" />
	</bean>  
	

	
	<bean name="transactionManager" class="org.springframework.jdbc.datasource.DataSourceTransactionManager">   
    	<property name="dataSource" ref="dataSource"></property>
 	</bean>
	
	
	<!-- 配置mybatis -->
	<bean id="sqlSessionFactory" class="org.mybatis.spring.SqlSessionFactoryBean">
    	<property name="dataSource" ref="dataSource" />
        <!-- mapper扫描 -->
        <property name="mapperLocations" value="classpath:top/fastfish/sqlmap/*Mapper.xml"></property>
		<property name="configLocation" value="classpath:mybatis/mybatis-config.xml"></property>
	</bean>
	
	<!--动态代理实现 不用写dao的实现 -->  
    <bean id="MapperScannerConfigurer" class="org.mybatis.spring.mapper.MapperScannerConfigurer">  
       <!-- 这里的basePackage 指定了dao层接口路径，这里的dao接口不用自己实现 -->  
       <property name="basePackage" value="top.fastfish.mapper" />
       <!-- 如果只有一个数据源的话可以不用指定，但是如果有多个数据源的话必须要指定 -->  
       <property name="sqlSessionFactoryBeanName" value="sqlSessionFactory" />  
       <!--直接制定了sqlsessionTemplate名称，这个和上面的其实是一样的 -->  
       <!-- <property name="sqlSessionTemplateBeanName" value="sqlSession" /> -->  
    </bean>

	<!-- sql会话模版 -->
	<bean id="sqlSessionTemplate" class="org.mybatis.spring.SqlSessionTemplate">
		<constructor-arg ref="sqlSessionFactory" />
	</bean>
	<!-- 事物处理 -->
	<aop:config>
		<aop:pointcut id="pc" expression="execution(* top.fastfish.service.*.*(..))" />
		<aop:advisor pointcut-ref="pc" advice-ref="txAdvice" />
	</aop:config>
	
	<tx:advice id="txAdvice" transaction-manager="transactionManager">
		<tx:attributes>
			<tx:method name="delete*" propagation="REQUIRED" read-only="false" 
			           rollback-for="java.lang.Exception"/>
			<tx:method name="insert*" propagation="REQUIRED" read-only="false" 
			           rollback-for="java.lang.Exception" />
			<tx:method name="update*" propagation="REQUIRED" read-only="false" 
			           rollback-for="java.lang.Exception" />
			<tx:method name="save*" propagation="REQUIRED" read-only="false" 
			           rollback-for="java.lang.Exception" />
		</tx:attributes>
	</tx:advice>

	<!--&lt;!&ndash; 扫描dao包,自动创建实现 &ndash;&gt;-->
	<!--<elasticsearch:repositories base-package=""/>-->

	<!--&lt;!&ndash; 扫描service包 &ndash;&gt;-->
	<!--<context:component-scan base-package=""/>-->

	<!--&lt;!&ndash; 配置连接elasticsearch &ndash;&gt;-->
	<!--<elasticsearch:transport-client id="client" cluster-nodes="localhost:9300"/>-->

	<!--&lt;!&ndash; spring data elasticsearch DAO 必须依赖elasticsearchTemplate &ndash;&gt;-->
	<!--<bean id="elasticsearchTemplate" class="org.springframework.data.elasticsearch.core.ElasticsearchTemplate">-->
		<!--<constructor-arg name="client" ref="client"/>-->
	<!--</bean>-->
   
</beans>
