<?xml version="1.0" encoding="UTF-8"?>
<beans xmlns="http://www.springframework.org/schema/beans"
	xmlns:xsi="http://www.w3.org/2001/XMLSchema-instance" xmlns:mvc="http://www.springframework.org/schema/mvc"
	xmlns:context="http://www.springframework.org/schema/context"
	xsi:schemaLocation="http://www.springframework.org/schema/beans http://www.springframework.org/schema/beans/spring-beans.xsd
		http://www.springframework.org/schema/mvc http://www.springframework.org/schema/mvc/spring-mvc.xsd
		http://www.springframework.org/schema/context http://www.springframework.org/schema/context/spring-context.xsd">

	<!-- 默认的映射器和处理器 -->
	<mvc:annotation-driven />

	<context:component-scan base-package="top.fastfish.*">
		<context:exclude-filter type="annotation" expression="org.springframework.stereotype.Service" />
	</context:component-scan>


	<!--避免IE执行AJAX时，返回JSON出现下载文件 -->
	<bean id="mappingJacksonHttpMessageConverter"
		  class="org.springframework.http.converter.json.MappingJackson2HttpMessageConverter">
		<property name="supportedMediaTypes">
			<list>
				<value>text/html;charset=UTF-8</value>
			</list>
		</property>
	</bean>
	<!-- 上传文件的设置 ，maxUploadSize=-1，表示无穷大。uploadTempDir为上传的临时目录 -->
    <!-- 配置文件上传，如果没有使用文件上传可以不用配置，当然如果不配，那么配置文件中也不必引入上传组件包 -->
    <bean id="multipartResolver"
          class="org.springframework.web.multipart.commons.CommonsMultipartResolver">
        <!-- 默认编码 -->
        <property name="defaultEncoding" value="utf-8" />
        <!-- 文件大小最大值 -->
        <property name="maxUploadSize" value="10485760000" />
        <!-- 内存中的最大值 -->
        <property name="maxInMemorySize" value="40960" />
    </bean>

    <bean
            class="org.springframework.web.servlet.mvc.annotation.AnnotationMethodHandlerAdapter">
        <property name="messageConverters">
            <list>
                <ref bean="mappingJacksonHttpMessageConverter" />	<!-- JSON转换器 -->
            </list>
        </property>
    </bean>

	<!-- maven项目请求不到 注解方式uri -->
	<bean
			class="org.springframework.web.servlet.mvc.annotation.DefaultAnnotationHandlerMapping">
		<property name="order" value="0" />
	</bean>
	<!-- 对静态资源文件的访问 -->
	<mvc:resources mapping="/pc/**" location="pc/"/>
	<mvc:resources mapping="/mobile/**" location="mobile/"/>
	<mvc:resources mapping="/frontend/**" location="frontend/"/>
	<!-- 配置SpringMVC的视图解析器 -->
	<bean
		class="org.springframework.web.servlet.view.InternalResourceViewResolver">
		<property name="prefix" value="/webapp/" />
		<property name="suffix" value=".jsp" />
	</bean>

</beans>
